"Name","Variance"
"cg24245216_TC21",0.110630165008507
"cg16620382_BC11",0.110323124252081
"cg02394512_TC11",0.110186847123722
"cg21079994_BC11",0.0998155591246604
"cg01394819_BC11",0.099501346044444
"cg21764701_BC21",0.0986050637573043
"cg15822765_BC11",0.0985568624364471
"cg23187387_TC11",0.0984534779694859
"cg12149905_BC21",0.0977134312044751
"cg16880597_TC21",0.09757508797057
"cg12510028_BC11",0.096872191610763
"cg08232905_TC11",0.0965803482299881
"cg08332635_BC21",0.0932896100202657
"cg01786994_TC11",0.0924306212284248
"cg19083459_BC11",0.0918997491511741
"cg03326608_BC21",0.091785525823967
"cg17327401_TC11",0.0907948222470808
"cg26436315_BC21",0.0903395554526568
"cg14163665_BC11",0.0897299655558367
"cg23438249_TC11",0.0891467634353527
"cg17246382_TC11",0.0889036311763701
"cg03057083_BC21",0.0886675824166753
"cg06480736_BC11",0.0885470150088186
"cg14155989_BC21",0.0881820622375687
"cg16285120_BC11",0.0879526803523176
"cg20690488_BC11",0.0878068650779883
"cg25192419_TC11",0.0877421593372158
"cg11117364_BC11",0.0872549664194186
"cg02476744_TC11",0.0870291371364621
"cg16997058_TC11",0.0868906582107172
"cg03384992_BC11",0.086606205191048
"cg06784602_BC21",0.0865596130993828
"cg03102879_BC11",0.0860092987225725
"cg00487870_TC11",0.0852716461592577
"cg02707328_BC11",0.0849297578513772
"cg27495903_TC11",0.0846951341680389
"cg02032606_TC11",0.0842062527968703
"cg08560069_TC21",0.0832326774417589
"cg20459525_TC21",0.083090044524754
"cg17688525_TC11",0.0825860183221142
"cg01558040_BC11",0.0825414207129059
"cg12634932_TC11",0.0824636926495409
"cg09557387_TC11",0.0820721256820757
"cg26079579_BC11",0.0820694613546354
"cg25152368_BC11",0.0820328181726642
"cg07172242_BC11",0.0819582829922608
"cg25778535_BC11",0.0808412996311771
"cg04134235_TC21",0.0800956748134866
"cg13784264_BC11",0.0798172273947411
"cg09685134_TC21",0.0798006613992285
"cg02461727_BC21",0.0796784791190223
"cg13423980_TC21",0.079668465899496
"cg14006863_TC11",0.0791607432002678
"cg24904937_TC21",0.0783851961458346
"cg22878622_TC11",0.0782645102654489
"cg11914744_BC11",0.0779745781545106
"cg15390554_TC11",0.0777195040792574
"cg26745332_BC11",0.0776044616048779
"cg25730356_BC11",0.0775706591814121
"cg07482202_BC11",0.0775223578358826
"cg08971281_TC11",0.0774695640944955
"cg16544399_TC11",0.0773313118070579
"cg05028795_BC11",0.0770767069553596
"cg24152605_TC11",0.0767927617702809
"cg09124703_TC21",0.0765936488548966
"cg07802350_TC11",0.07657048048304
"cg17357285_TC21",0.0764349655757757
"cg25277809_BC21",0.0762304512356531
"cg18136963_BC11",0.0761926969226534
"cg10756127_TC21",0.0761270374299701
"cg26640427_BC21",0.0760736116630555
"cg23456212_BC11",0.0758709662680365
"cg05648183_TC11",0.0754893115004173
"cg00693401_TC11",0.0754026819644719
"cg04111064_BC11",0.0749776458662822
"cg16251970_TC11",0.0749420876767032
"cg05142057_TC21",0.0749368547208733
"cg05872073_BC11",0.0749155288506121
"cg05473175_TC21",0.0748501475515847
"cg14797467_TC21",0.0747189158323958
"cg03616755_BC21",0.074709374465272
"cg02058215_BC21",0.0746082740709754
"cg14275738_TC11",0.0744350307063625
"cg15536947_BC11",0.0742503367591398
"cg16017578_TC11",0.074202433927867
"cg25702790_TC21",0.0739174203895943
"cg01356867_TC21",0.0738787438252048
"cg03403966_BC11",0.0738417835228786
"cg26054540_TC11",0.0736742354263888
"cg14932794_BC11",0.0734704822345001
"cg05928051_TC21",0.0734232836634151
"cg24948962_TC21",0.0731714565633537
"cg12685198_BC21",0.0730322267958888
"cg15673034_TC11",0.0729375915981555
"cg03490776_BC21",0.0727800436510021
"cg00289485_TC11",0.0727506583536429
"cg21097881_TC11",0.0726947149640408
"cg09716640_BC11",0.0726759224249963
"cg06632135_BC11",0.0726041217578951
"cg07044013_BC11",0.072574768367181
"cg08854306_BC11",0.0725329942749935
"cg12518442_TC11",0.0724821456710845
"cg07968537_BC21",0.0724402682397204
"cg22278595_BC21",0.0723027708498046
"cg17186025_BC21",0.0723011772759756
"cg05660436_TC11",0.0721847266253234
"cg09345825_BC21",0.0721731288859663
"cg10043753_BC21",0.0721142036570578
"cg22924580_TC21",0.0720608346892266
"cg09405790_TC11",0.0720371334122033
"cg16202419_BC21",0.0720234922248283
"cg08932440_TC11",0.0720036273798595
"cg17888390_TC11",0.0718120966901937
"cg17137182_BC11",0.0717910147071505
"cg22400397_TC21",0.0717894991083789
"cg10878944_BC21",0.0716712560509697
"cg04138571_BC11",0.0715882016046749
"cg12925420_TC11",0.0715622998204545
"cg20185609_TC21",0.0713637666758092
"cg07002711_TC11",0.0713531842916305
"cg13919148_BC11",0.0712850287961541
"cg20854018_TC21",0.0712357015614483
"cg08871855_TC11",0.0711692469651664
"cg16277479_BC11",0.0711213757675678
"cg09266149_BC11",0.0711115891169194
"cg17032146_TC21",0.0710611763386472
"cg18740899_TC21",0.0710243970661404
"cg09994356_TC11",0.0709339575373937
"cg15258447_TC11",0.0709296955889852
"cg19081101_BC11",0.0708096510157078
"cg00723069_TC21",0.0707277082352594
"cg10305451_BC21",0.0706752381916414
"cg05236972_BC11",0.0706196871122453
"cg19247841_TC11",0.0705684271023518
"cg06463958_BC11",0.0705462345011588
"cg19898334_BC21",0.0705362664662498
"cg16902385_BC21",0.0704494300745908
"cg22338127_TC11",0.0703655650646617
"cg17951372_TC21",0.0702860206702561
"cg06782623_BC11",0.0702781455043707
"cg14777768_TC21",0.0701555889195949
"cg00288762_BC21",0.070126841499631
"cg08544160_BC21",0.0700371108706072
"cg17108237_TC21",0.0699790229748699
"cg08749305_TC21",0.069914979095557
"cg19497734_BC21",0.0698039049289414
"cg27124027_TC11",0.0698037545259448
"cg13518792_BC11",0.0698020796361465
"cg25362488_TC11",0.069706788649969
"cg05627083_BC11",0.0695591902108298
"cg00821073_TC11",0.0695414299824075
"cg16659071_BC21",0.0693520922002574
"cg06630737_TC21",0.0693180926238018
"cg20553577_BC11",0.0692800239004771
"cg18042427_TC21",0.0690439820909686
"cg12742937_TC21",0.0688789062217467
"cg09980522_BC21",0.0688388682404057
"cg19702154_BC21",0.0688191176412392
"cg12128839_TC21",0.0687825321286569
"cg02409878_TC21",0.0687704563554099
"cg23515496_BC21",0.0687397528441555
"cg16998537_BC21",0.0686612310839685
"cg07396115_BC21",0.0686159507296391
"cg06487103_BC21",0.0686064263330982
"cg26134913_BC21",0.0685285606276842
"cg05110133_TC21",0.0685123568102559
"cg21051791_BC21",0.0683680939618076
"cg04358214_BC11",0.0683231664589771
"cg26789332_TC21",0.0683194309769065
"cg13972872_TC21",0.0683071674701308
"cg07664943_BC21",0.0683007944741114
"cg16141319_BC21",0.0681604215834053
"cg06488150_BC21",0.0680781817461549
"cg11244037_TC21",0.0680325818062738
"cg18817560_BC21",0.0679128599510545
"cg23671221_TC11",0.0679076572003348
"cg23363164_BC21",0.0678078631159364
"cg02904606_BC11",0.0677936195585245
"cg07252731_TC11",0.0677484982657818
"cg00829961_TC11",0.0676382440787562
"cg17657214_BC21",0.0675768271948943
"cg23521666_BC11",0.0675629688161798
"cg26221631_BC21",0.0675566354124115
"cg16040993_TC21",0.0675039787199348
"cg15657792_BC21",0.0674948769075652
"cg25343990_BC11",0.0673580947271932
"cg25597219_BC21",0.0673113996390141
"cg21008998_BC21",0.0672848533672622
"cg19447125_TC21",0.0671891337360163
"cg22494481_BC11",0.0670093762717719
"cg19183248_TC21",0.0669418477803004
"cg10537220_BC11",0.0668727811077926
"cg09150310_BC21",0.0667701474161963
"cg12042659_BC11",0.0667438318821235
"cg16697853_TC11",0.0666773199492656
"cg03534180_BC21",0.0666702633046103
"cg18117600_BC11",0.0666623777729558
"cg08827322_BC11",0.066571421736236
"cg05049361_BC11",0.066518387807882
"cg18365556_TC11",0.0664160796314054
"cg17613456_BC21",0.0664056335036273
"cg20363688_BC21",0.0662588054444187
"cg20781560_BC21",0.0662521072943633
"cg01368812_BC21",0.0662478274019096
"cg23156546_TC21",0.0661827781492095
"cg12361352_TC21",0.0661735681830264
"cg21762374_TC11",0.0660145764116241
"cg08979191_TC12",0.0660000270760119
"cg05355225_BC11",0.0658975224214308
"cg04398581_TC21",0.0658898765182417
"cg25004899_TC11",0.0658878531554761
"cg18117871_TC21",0.0658847469443793
"cg01710865_TC11",0.0658664698242647
"cg16618413_BC21",0.0658547146087946
"cg24743156_TC21",0.0656583939065516
"cg25213928_BC11",0.0655417398472505
"cg03276202_TC21",0.0655416008281939
"cg06203471_TC11",0.0655047087580973
"cg11839196_BC21",0.0654692520368631
"cg10404112_TC21",0.0654501131010742
"cg21459053_BC21",0.0654420903016565
"cg04670802_TC11",0.0654370906898483
"cg03737308_TC21",0.0654231825039985
"cg14137381_BC11",0.0653900401398385
"cg25631092_TC21",0.0653882963887651
"cg17788613_BC21",0.0653524173409262
"cg01323274_TC21",0.0652969388942402
"cg25753473_TC11",0.0652645828599335
"cg08402365_TC13",0.0652499507095617
"cg01782227_BC11",0.0650843341456506
"cg10001378_TC11",0.0650666257245359
"cg23141632_TC22",0.0650659787763195
"cg09379345_TC21",0.0650074383463296
"cg00292351_BC21",0.0650051141437352
"cg14839351_BC11",0.0649870935281184
"cg05642143_TC21",0.0649438998343808
"cg12740757_BC21",0.0648180080427479
"cg21443480_BC21",0.0648080187785379
"cg20665459_BC21",0.0647986564549869
"cg10373196_BC21",0.0647740922376617
"cg08724310_TC11",0.0646928803081319
"cg23500724_TC11",0.064627356366483
"cg09896298_BC21",0.0644391464956735
"cg21747317_BC21",0.0643971608965558
"cg11931116_TC21",0.0643490056711449
"cg22265381_BC21",0.0643388429259981
"cg26815132_TC11",0.0643211225484818
"cg09570682_TC11",0.0642439826891838
"cg12969595_BC21",0.0641455485409454
"cg09869286_TC11",0.0641440047403743
"cg20540714_TC11",0.0641382511539303
"cg24803730_BC11",0.0641240565518301
"cg00651523_BC21",0.0641112395660606
"cg20963995_BC11",0.0641066623536006
"cg02657632_TC21",0.0640209639805901
"cg23740189_BC21",0.0640033788493586
"cg00773902_BC11",0.0639779335920247
"cg26830789_TC21",0.0638890144313684
"cg20451226_TC11",0.0638680248022257
"cg23273935_TC21",0.0638114756527917
"cg17213496_BC11",0.0638087726283628
"cg09605623_BC21",0.0637241243835494
"cg14091550_TC11",0.063721555309427
"cg02746725_TC11",0.0636831824977925
"cg05624445_BC21",0.0636282087450132
"cg09727702_BC21",0.0636208999103264
"cg27311227_BC11",0.063539289160016
"cg01824652_TC21",0.0635273947704941
"cg05255275_TC21",0.0634636837931308
"cg07543626_BC11",0.0634177413016044
"cg13900348_BC21",0.0633773464622506
"cg24662205_BC21",0.0633697309342592
"cg10123528_BC21",0.0633646010726191
"cg05341786_TC21",0.0633555781403867
"cg12718239_BC21",0.0633487111433951
"cg04694389_TC21",0.0633334142438708
"cg21783729_BC21",0.0632904701546348
"cg16921014_TC11",0.0631584063862181
"cg04428701_BC11",0.0630930842564743
"cg11851910_TC11",0.063050481502223
"cg05809578_BC11",0.0630491402054214
"cg07688726_BC21",0.0630102332431958
"cg07570470_TC11",0.0629827539828418
"cg20403085_BC21",0.0629551593415277
"cg01578933_TC11",0.0628938332703399
"cg23313331_TC21",0.0628288740077184
"cg22249612_BC11",0.0628025784927061
"cg04256521_TC21",0.0628014115891134
"cg07567677_BC21",0.0627399960192573
"cg27510497_TC21",0.0627263538560389
"cg13867237_BC11",0.0626622638068468
"cg06558826_TC21",0.0626564028169725
"cg00835345_TC11",0.0626405848693028
"cg26101143_TC21",0.0626310627385939
"cg05906607_TC21",0.0626287418500182
"cg10303409_TC21",0.0625641553218415
"cg05619587_BC11",0.0625118176176454
"cg05804863_BC11",0.0624747729406018
"cg25380868_TC21",0.0623930365104497
"cg22877048_TC21",0.0623766435348893
"cg18342872_BC21",0.062347335804897
"cg27400026_BC21",0.0622945839713615
"cg13823477_BC21",0.0622582298615056
"cg20012697_TC21",0.062183003541431
"cg27203568_TC21",0.062147757771408
"cg27308329_BC11",0.0621309434016928
"cg08347963_TC21",0.0621142417338829
"cg17392191_BC21",0.0621130292559936
"cg22724500_TC11",0.0621011216338075
"cg12024828_BC11",0.0620897514395865
"cg02176407_TC21",0.0620451794983176
"cg13364881_TC11",0.0620112089135144
"cg18894215_BC21",0.0619463078147208
"cg14392843_BC21",0.0619300344614578
"cg15484904_BC21",0.0618543976250829
"cg02262199_BC21",0.0617917427186217
"cg04282029_BC21",0.0617895837963937
"cg06218790_BC21",0.0617687123410659
"cg11104510_BC21",0.0617189345699634
"cg07428078_BC21",0.0616832597925326
"cg24332389_BC11",0.0616819261430233
"cg11585758_TC21",0.0616649125743306
"cg17867742_BC21",0.0616076462955257
"cg10608283_TC21",0.0616033449245187
"cg13576956_BC21",0.0615880647128674
"cg16935205_BC21",0.0615548952389647
"cg03203223_TC11",0.0615179073111469
"cg25113880_BC21",0.0615165249334403
"cg02073563_TC11",0.0614909383691535
"cg09599130_TC11",0.0614365925104957
"cg23524195_TC11",0.0613509920556854
"cg06998981_TC21",0.0613328831465723
"cg09561367_TC21",0.0613245677326241
"cg05475446_BC21",0.061314515859382
"cg12726960_TC21",0.0612400089751752
"cg00681376_TC21",0.0612219153481059
"cg21604803_BC21",0.0612039492006502
"cg25015867_TC11",0.0612022407493883
"cg08575330_TC11",0.0611790911180541
"cg06820782_BC21",0.0611471534400197
"cg17908564_TC21",0.0611379543342551
"cg09567173_BC21",0.0611245923696614
"cg10473367_TC11",0.0611093557739372
"cg14286080_TC21",0.0610934762017641
"cg07068797_TC21",0.061063228471131
"cg14713118_BC21",0.0610458668442687
"cg18631798_TC11",0.0610266095508565
"cg05563672_TC11",0.0609463274635695
"cg20849299_TC11",0.0608018220806816
"cg13721738_BC21",0.0607884541100015
"cg08095930_BC21",0.0607791167040704
"cg22655224_TC21",0.0607677024029184
"cg00532474_BC11",0.0607230367361523
"cg01923073_BC11",0.0607160112246959
"cg23973123_BC21",0.0606892168312949
"cg11166233_TC21",0.0605969405681258
"cg07126469_BC21",0.0605459705172226
"cg21922574_BC21",0.0604676335442695
"cg15778900_BC11",0.0604562128573335
"cg12145787_BC21",0.0603108339172188
"cg11835619_BC21",0.0603076292769021
"cg11315418_TC21",0.0603063261276258
"cg10926360_TC21",0.0603055027825252
"cg18531146_BC22",0.0602664170354904
"cg00333184_BC21",0.0602299478881977
"cg22040144_TC21",0.0602175396285736
"cg13167860_BC21",0.060214889275394
"cg04304872_TC21",0.060167191768995
"cg21875114_TC21",0.0601522987917177
"cg10201807_TC11",0.0601448498473914
"cg19913934_TC21",0.0601350455407573
"cg14838433_TC11",0.0601236193393931
"cg09421831_TC21",0.0600906273923
"cg16695758_BC22",0.0600262626575462
"cg19572323_BC21",0.0600116315095542
"cg21044248_TC21",0.0599920970577067
"cg06007271_BC11",0.0599397009326666
"cg25122988_BC21",0.0599309729099852
"cg12960789_BC21",0.0599165983550038
"cg08623641_TC21",0.0598968074254068
"cg16509592_BC21",0.059888926527699
"cg04779631_BC21",0.059884283125855
"cg00366307_TC21",0.0598744240206374
"cg20003494_TC11",0.0598518132519857
"cg01900397_TC21",0.059847391061718
"cg05684406_BC11",0.0598400858354611
"cg11827910_BC11",0.059830099286744
"cg19029182_BC21",0.0598088866836679
"cg04181002_BC21",0.0597874916292307
"cg24133591_BC11",0.0597633900483513
"cg21485082_BC21",0.0597008843216544
"cg23784855_TC21",0.0596949367346789
"cg19467332_TC21",0.0596801011540331
"cg27467803_TC11",0.0596721172098822
"cg21574244_TC21",0.0596318526668359
"cg01869769_TC11",0.0596181282676852
"cg26388509_TC21",0.0595831506959871
"cg13364721_BC21",0.059450971017457
"cg12732390_TC21",0.059437852007132
"cg23542477_BC21",0.0594210507971172
"cg10679203_TC21",0.0593637727884438
"cg21768204_TC11",0.0593605546686231
"cg03880173_BC21",0.0593566020292448
"cg12784931_BC11",0.0593542315736687
"cg27126175_BC21",0.0593401083560151
"cg27071740_BC21",0.0592780244567458
"cg08810871_TC21",0.0592609342759691
"cg13039355_TC21",0.0592604445721417
"cg24370375_TC22",0.0592512981672173
"cg19411008_BC11",0.0592120513828829
"cg19741709_TC21",0.0591911782441445
"cg17376960_TC11",0.0591739929063429
"cg18142622_BC21",0.0591731086908493
"cg14548128_BC21",0.0591587994430882
"cg21441360_BC21",0.0591340925296582
"cg20966057_BC21",0.0591232782783733
"cg17520942_BC11",0.0590812782978953
"cg17254125_BC11",0.0590559782297196
"cg11972379_BC21",0.0590465232269403
"cg12225685_BC21",0.0590385271295453
"cg23179168_TC21",0.059024376246594
"cg23845710_BC21",0.0590226204463135
"cg16913730_TC21",0.0588449940993793
"cg22236459_TC11",0.0588189399058457
"cg05505872_TC21",0.0587606030109527
"cg11862642_TC21",0.0587554502394259
"cg20905516_BC11",0.0587540482197954
"cg24388510_BC21",0.0587474987167047
"cg14411518_TC21",0.0587442302254863
"cg20644626_TC21",0.0587421735878592
"cg19166793_TC21",0.0586926776442706
"cg19305415_TC21",0.0586722389188375
"cg26815652_TC21",0.0585802466041446
"cg27424447_TC21",0.0585748118025999
"cg13088086_BC21",0.0585462657088352
"cg04188348_BC21",0.0585377868471813
"cg16356606_BC21",0.0584973788697808
"cg12387154_BC11",0.0584799140727659
"cg15299832_TC11",0.0584409289798524
"cg02337508_BC11",0.0584313702294094
"cg08043242_TC21",0.0583918784107199
"cg18770029_BC21",0.0583387944098154
"cg15635673_BC21",0.0583275726948513
"cg22537334_TC21",0.0583109552525406
"cg27006666_BC21",0.0582820422036662
"cg01813913_BC21",0.0582655479343109
"cg02813710_TC11",0.0582577754157683
"cg14399134_TC21",0.0582146276761229
"cg08099315_BC21",0.0581152393177995
"cg15452573_BC21",0.0581081611105961
"cg08521084_TC11",0.0581010061494563
"cg00376129_TC21",0.0580733510562386
"cg20361287_BC21",0.0580624679120417
"cg04781796_BC11",0.0580320789218012
"cg09204136_BC21",0.0579865692801942
"cg00856839_TC11",0.0579760920313581
"cg00118930_BC21",0.0579561431578909
"cg26721644_TC21",0.0579387084629026
"cg04189343_BC21",0.0579349908314272
"cg23934000_BC21",0.0579072561824488
"cg11482571_BC11",0.0578982368968448
"cg15495292_BC21",0.0578467787640816
"cg20884939_BC21",0.0578214421815398
"cg10389229_TC11",0.0578204263645845
"cg02831299_BC21",0.0578102919670762
"cg07824555_BC21",0.057799617377691
"cg18482438_TC21",0.05779876284925
"cg01945562_TC11",0.057789723106007
"cg23130385_TC21",0.0577888793003242
"cg05743110_BC21",0.0577841752668167
"cg22899100_BC21",0.0577592047126179
"cg17259183_TC11",0.0577483020790016
"cg18651052_BC11",0.0577210413341803
"cg17004116_BC21",0.0577016590548446
"cg21539594_BC21",0.0576873669974168
"cg09869531_BC21",0.0576504778754799
"cg03863616_TC21",0.0576456735385497
"cg09042448_TC21",0.0576444366812175
"cg08868631_TC21",0.0576270969824313
"cg25858132_TC11",0.0576205066421841
"cg03364486_TC21",0.0575533776634471
"cg24627325_BC21",0.0575500014454222
"cg14233855_TC21",0.0575481246393776
"cg06323216_BC21",0.0575474490790705
"cg04690147_TC21",0.0575268168143716
"cg23716448_BC21",0.0575227398037692
"cg01546182_TC21",0.0575080889374545
"cg14214706_TC21",0.0574938908079157
"cg10918202_BC21",0.0574597762755366
"cg09838441_BC21",0.057448625925139
"cg06855877_BC21",0.0574427869324611
"cg13984434_TC21",0.0574396639391903
"cg02558281_TC21",0.0573954298365591
"cg00665492_BC11",0.0573932084739776
"cg18180569_TC21",0.0573886028724083
"cg17422288_TC21",0.0572846180995728
"cg17409822_BC21",0.0572781121453527
"cg25367075_TC21",0.0572623004931694
"cg10267265_TC21",0.0572430607667389
"cg08453740_TC21",0.0572384325919825
"cg19575753_TC21",0.0572300714392023
"cg15386524_BC21",0.0572001103690535
"cg05868443_BC21",0.0571943693490135
"cg22085539_TC11",0.0571923555916548
"cg19255691_BC21",0.057184258774163
"cg13900348_BC22",0.0571596081763928
"cg07177380_TC11",0.0571504420159047
"cg03783062_TC11",0.0570851186433748
"cg03772792_TC21",0.0570824814744674
"cg09704765_BC21",0.0570703961369998
"cg19306937_BC21",0.0570402801749721
"cg16144616_BC21",0.0570145737673831
"cg03980250_BC21",0.0569829532558607
"cg18290725_BC21",0.0569801946185532
"cg11730023_BC21",0.0569710550399835
"cg26418836_BC21",0.0569553210374551
"cg09938784_BC11",0.0569449048873917
"cg23257105_TC11",0.0569324249289649
"cg21247540_TC21",0.0569312642823534
"cg14170043_BC21",0.0568933015363439
"cg00240734_TC11",0.0568873285960501
"cg26373796_TC21",0.0568621017079848
"cg21689102_TC11",0.0568100229402076
"cg14097425_TC11",0.0568098145511522
"cg13475665_TC11",0.0567814720422283
"cg20097073_TC21",0.0567496909523418
"cg21759500_BC21",0.0567263875821282
"cg18240143_BC11",0.0566917248327799
"cg00584000_BC11",0.0566901298534407
"cg16162905_BC21",0.05668056549488
"cg11323464_BC21",0.0566609626927458
"cg14649650_TC11",0.0566581709781213
"cg21041775_BC11",0.0566480472545489
"cg13811387_TC21",0.0566421870402539
"cg05874318_BC21",0.0566341373455005
"cg00712356_BC21",0.0566279273651732
"cg00233198_TC21",0.0566241080853502
"cg25041901_TC11",0.0566201733019605
"cg08551415_TC22",0.0566122774004942
"cg07845927_TC21",0.0566082008339774
"cg19528116_TC21",0.0565992844740267
"cg01070209_TC11",0.0565984834913091
"cg19537070_TC21",0.0565872490419844
"cg23026543_BC21",0.0565845155454685
"cg14993399_TC21",0.0565644954624301
"cg19103200_BC21",0.0565626116794946
"cg23915769_TC21",0.0565425141457295
"cg19528682_BC21",0.0565293364510156
"cg10092251_BC11",0.0565252686473341
"cg17796634_BC21",0.0565113078741308
"cg22948791_TC21",0.056484420385612
"cg09422301_BC21",0.0564646778143065
"cg07920376_TC21",0.0563875908664858
"cg00474723_BC11",0.0563703862578791
"cg16729325_BC21",0.0563604170387877
"cg13266631_TC21",0.0563493748101878
"cg18424058_BC21",0.056337666510465
"cg00320087_BC21",0.0563349248839962
"cg15053253_TC11",0.0563315130298188
"cg24003322_TC21",0.0563179456330792
"cg01507128_BC11",0.056316965011673
"cg15847614_TC11",0.0563101714013266
"cg18218490_BC21",0.0563088602583099
"cg00400587_BC21",0.0562899794101878
"cg23241448_TC11",0.0562759756003459
"cg23016720_TC21",0.0562677167195718
"cg27397116_TC21",0.0562142277350933
"cg13460643_BC11",0.0562135108600774
"cg00338281_TC21",0.0561895763873573
"cg01308002_TC21",0.0561788852296983
"cg21847094_TC11",0.0561675857304914
"cg06824013_BC21",0.0561576326648669
"cg03434624_TC11",0.0561497936644854
"cg23714541_BC21",0.0561313404086234
"cg09835543_BC21",0.0561266922126812
"cg08496100_TC11",0.0561242433779487
"cg15400671_BC21",0.0560746351532959
"cg00833352_TC21",0.0560686252055771
"cg13348865_TC21",0.0560568904915211
"cg25409499_TC11",0.0560542287200861
"cg02559003_BC21",0.0560294014039715
"cg04231677_BC21",0.0560002743019618
"cg19032541_BC21",0.0559985964758588
"cg11513637_BC21",0.0559744989643171
"cg11334914_BC11",0.0559542716411716
"cg17295699_TC21",0.0559365489778664
"cg16602260_TC11",0.0559346989553531
"cg18403396_TC21",0.0559334305008777
"cg05563287_TC21",0.0559262732865211
"cg10474158_BC21",0.0559212576133833
"cg20229534_BC11",0.0559112913224
"cg07466433_BC11",0.0559105971532675
"cg27094141_BC21",0.0559014935050347
"cg22958129_BC11",0.0558982510602273
"cg08016100_BC21",0.0558913292133432
"cg14468913_TC21",0.0558209977569471
"cg19709608_BC21",0.0558209359548655
"cg27234800_TC21",0.0557649696563602
"cg13486354_BC21",0.0557551841623962
"cg14460330_TC21",0.0557454176071809
"cg06324993_BC21",0.0557293712526365
"cg03850451_BC11",0.0557228202364377
"cg14602211_BC21",0.0557057840035195
"cg08343849_BC21",0.0557037654609489
"cg20019019_TC11",0.0556864727284919
"cg17039391_TC11",0.0556767413677145
"cg01401900_BC21",0.0556633937291776
"cg17870848_TC11",0.0556353496636018
"cg17052130_BC21",0.0556337629346137
"cg09496551_BC11",0.0556027611794522
"cg19806106_BC21",0.0555643733082152
"cg19460792_TC21",0.055548323543252
"cg17971017_TC11",0.0555424916434704
"cg24746803_TC21",0.0555217174588399
"cg09766360_TC21",0.0555154372444353
"cg18178197_TC21",0.0555116857804094
"cg27661078_BC21",0.0555105370612217
"cg11315754_TC11",0.0554972347570304
"cg20540577_TC21",0.0554914525858021
"cg07154861_TC11",0.0554746548033317
"cg06925195_BC21",0.0554735387613731
"cg04574909_BC21",0.0554374137082624
"cg21880392_BC21",0.0554340840770828
"cg09507844_BC21",0.0554069207001333
"cg16622863_BC11",0.0554060432176802
"cg26345613_BC11",0.0554023402394792
"cg07599163_TC21",0.0553984172157998
"cg26048667_BC21",0.0553715012451204
"cg03090669_TC21",0.0553620204526495
"cg00004257_TC21",0.0553518722157203
"cg03845289_TC21",0.0553479789646961
"cg17413252_BC21",0.0553069958549733
"cg18319799_BC11",0.0553056584839378
"cg26701226_TC11",0.0552893944810292
"cg05859409_BC11",0.0552838922176946
"cg27522060_BC11",0.0552815793184877
"cg14727634_TC21",0.0552785227980021
"cg21372595_TC21",0.0552684383843881
"cg05252248_TC21",0.0552119955494639
"cg25894334_TC11",0.0551956578758772
"cg13654594_TC21",0.0551926218963623
"cg12306213_TC21",0.0551607750567682
"cg13233407_TC21",0.0551251472336074
"cg07615755_BC21",0.0551242362647737
"cg02884884_BC11",0.0550695733328852
"cg04783768_TC21",0.0550656436340625
"cg12121052_BC21",0.0550523360078488
"cg06900984_BC21",0.0550456341201787
"cg04636672_BC21",0.0550281785516799
"cg20860806_TC21",0.0549874430036668
"cg21173585_BC21",0.0549820204426539
"cg04197634_BC21",0.0549643552253005
"cg11413127_BC21",0.0549554325969202
"cg23850174_TC22",0.0549412826457526
"cg01040523_TC11",0.0549215468460403
"cg15031043_BC11",0.0549143122611545
"cg27296944_TC11",0.0549066712412181
"cg14239811_BC11",0.0548946764728221
"cg01471960_TC21",0.0548807399392337
"cg21147975_TC21",0.0548792322448636
"cg18455405_BC11",0.0548649203850335
"cg05112200_BC21",0.0548566520183868
"cg11299602_BC21",0.0548357169430856
"cg22444562_BC21",0.0548137975327917
"cg27511206_TC21",0.0548095698194131
"cg21654385_BC21",0.0548020906397239
"cg19688579_TC11",0.0547932874334904
"cg21672992_TC21",0.0546961808647256
"cg26893861_TC21",0.0546840101657537
"cg08258582_TC11",0.0546680943364421
"cg01457143_BC21",0.0546403719849111
"cg00398030_TC11",0.0546289550370543
"cg09762920_TC21",0.0546160752407448
"cg13661740_TC11",0.0545973146182443
"cg02075296_TC11",0.0545918738351385
"cg05471465_BC11",0.0545890768261054
"cg23305567_TC11",0.0545854680256046
"cg10795509_BC21",0.0545797765032198
"cg09678326_TC21",0.0545681366658171
"cg02568374_TC11",0.0545636693344726
"cg05414479_TC21",0.0545545427357398
"cg07988680_TC21",0.0545485583018639
"cg02202664_BC21",0.0545459872692002
"cg24399395_BC11",0.0545409712747201
"cg02773019_BC21",0.0545344218184951
"cg00542224_BC11",0.0545329731824466
"cg01479628_TC21",0.0544891542032778
"cg26566472_TC21",0.0544760804950914
"cg20079736_BC21",0.0544625154616164
"cg26421504_BC21",0.0544577106943967
"cg01866427_TC21",0.0544273360975685
"cg14556896_TC21",0.0544236637047189
"cg14498722_TC21",0.0544170290797996
"cg23732978_TC21",0.0544087562796352
"cg21686287_TC21",0.0544006356751642
"cg26824516_TC11",0.0543964629132309
"cg05236757_TC21",0.0543778127831155
"cg18021716_BC11",0.054355052507717
"cg20480233_TC11",0.0543467736179015
"cg05520353_BC21",0.0543313518050819
"cg07459363_BC21",0.0543094423607283
"cg08659204_TC11",0.0542992433012774
"cg18525866_BC21",0.054289613448995
"cg18848688_TC21",0.0542854821540699
"cg04211591_BC21",0.0542852677555236
"cg06876140_TC21",0.0542729239930484
"cg18672670_TC11",0.0542552112769632
"cg02593581_BC21",0.0542142490066035
"cg02564134_BC11",0.0542100185524542
"cg02530879_BC21",0.0541991665877487
"cg16397813_BC21",0.054196122651502
"cg18951977_BC21",0.0541734688927578
"cg25612209_BC21",0.0541463468627725
"cg24862668_BC21",0.0540864819993239
"cg10004681_TC21",0.0540787504278082
"cg20114113_BC21",0.054034218874095
"cg15617544_BC21",0.0540277733339447
"cg08927949_BC21",0.0540261014623546
"cg07353275_TC21",0.0540231503971457
"cg01644702_TC21",0.0539734289751607
"cg20651681_TC21",0.0539647325175653
"cg16731104_TC21",0.0539552246974175
"cg24295609_TC21",0.0539471220886404
"cg19571617_TC21",0.0539385238156393
"cg23416074_TC21",0.0539351623333845
"cg25697032_BC21",0.0539325194638617
"cg14709826_TC21",0.053922290804579
"cg19062443_TC21",0.0539184652284473
"cg07978440_BC21",0.0539152579687493
"cg07183372_TC11",0.0539013701128285
"cg07713705_TC21",0.0539002435964152
"cg05197062_TC11",0.0538788942634692
"cg13500657_BC21",0.0538727264861072
"cg10221617_BC21",0.0538605330798454
"cg11524039_TC11",0.053860394795155
"cg04332058_BC21",0.0538502492667924
"cg14856635_BC21",0.0538491860723356
"cg23246885_BC11",0.0538439888057497
"cg10000775_BC21",0.0538006821007794
"cg08801415_BC21",0.0537883806047789
"cg06529756_BC21",0.0537198471898032
"cg10396322_BC21",0.053719390455987
"cg13231700_BC21",0.0536855291283814
"cg18519959_BC21",0.0536813774673331
"cg08975294_TC11",0.0536717720906337
"cg21133153_BC11",0.0536509113333861
"cg03606182_BC21",0.0536508746951167
"cg23893629_TC21",0.0536401450707607
"cg02174952_BC21",0.0536391367014144
"cg23192850_BC21",0.0536279954926971
"cg18546705_BC21",0.0535947547204188
"cg01752308_BC21",0.0535762824396195
"cg14575854_BC11",0.0535746081594579
"cg23959772_BC21",0.0535652274087369
"cg14169803_BC21",0.0535556197330162
"cg11286023_TC11",0.0535481801195936
"cg05364038_BC11",0.0535403126569388
"cg20101529_TC21",0.0535371821160455
"cg23611697_BC21",0.0535198587225231
"cg19333963_BC11",0.0535059801581976
"cg03522063_TC21",0.053490527282782
"cg27585914_TC21",0.0534847479741848
"cg02663875_BC21",0.053474528008516
"cg25526441_TC21",0.0534603473813744
"cg26036974_BC11",0.0533967273842893
"cg25151532_TC22",0.0533963114602252
"cg15352671_TC11",0.0533878858836962
"cg04539574_TC11",0.0533825015856144
"cg20180538_BC21",0.0533775125140993
"cg19810767_BC21",0.0533770065649687
"cg25968835_TC11",0.0533503218520661
"cg01178231_BC21",0.0533468981896526
"cg07581983_BC21",0.0533364781946945
"cg01274247_BC21",0.0533288007455876
"cg20433006_BC21",0.0533067777074301
"cg01854882_BC11",0.053262633658108
"cg12616587_TC21",0.0532251490011655
"cg02078604_BC21",0.0532234563897823
"cg19939997_TC11",0.0532225487745704
"cg24085809_BC11",0.053179113224299
"cg13843613_TC21",0.0531626730385305
"cg10398195_TC21",0.0531597441744777
"cg14191466_BC11",0.0531545820508292
"cg19904783_BC21",0.0531474398956668
"cg07736222_BC21",0.0531341352222381
"cg19439706_BC11",0.053123934332504
"cg07367504_BC21",0.0531236817753124
"cg26410652_TC21",0.0531144957615008
"cg12997579_BC11",0.0530889670265947
"cg08416194_TC21",0.053082776791402
"cg09377680_BC21",0.0530649056740019
"cg20634498_TC21",0.0530559603098015
"cg24277313_TC11",0.0530513610609943
"cg06500096_TC21",0.0530382327588192
"cg16340258_BC21",0.0530352730443908
"cg26247505_BC21",0.053016019832479
"cg00958342_BC21",0.0530150513068551
"cg11854025_BC21",0.0529981535808669
"cg23156400_BC21",0.0529815314135497
"cg27324804_TC11",0.0529612554122157
"cg03857330_BC21",0.0529604988457288
"cg03502219_BC21",0.052957107282442
"cg16295145_TC21",0.0529568305984055
"cg17127146_TC21",0.0529547965876179
"cg03783410_TC21",0.0529352189688621
"cg12612154_BC21",0.0529276229478138
"cg24374861_TC11",0.0529250586899971
"cg22357337_BC11",0.0528864001367898
"cg17285605_TC21",0.0528767955306746
"cg21501525_TC11",0.0528739894696772
"cg00759741_TC11",0.0528555612952848
"cg11099236_TC21",0.0528380576166533
"cg18622493_TC21",0.0528274477670814
"cg14750192_BC21",0.0528122964671541
"cg15015034_BC11",0.0527702973214123
"cg26989544_TC21",0.0527697878227778
"cg12923994_TC11",0.0527665818967914
"cg01047111_TC21",0.0527418309394287
"cg14428675_BC21",0.0527231516706826
"cg09877334_BC21",0.0526906317866574
"cg18503679_BC11",0.0526683740747601
"cg12128017_TC21",0.0526487189087674
"cg14638948_BC21",0.0526475551221081
"cg14743210_TC21",0.0526441248328998
"cg19226626_BC21",0.0525805560073242
"cg04011741_BC11",0.0525637899913963
"cg04307859_TC21",0.0525247619564854
"cg16471612_TC21",0.0525195335253491
"cg08317058_BC21",0.0525007445727943
"cg19853663_TC21",0.0524928309452035
"cg13717532_TC21",0.0524820819350564
"cg19397679_BC21",0.0524797050959435
"cg13920278_TC21",0.0524791401549446
"cg15227949_BC21",0.0524707886560005
"cg25012919_BC11",0.0524435014790231
"cg04043068_BC21",0.0524394103570175
"cg23936531_TC21",0.0524325639114178
"cg04322162_BC21",0.0524244316750445
"cg11117633_TC11",0.0524086137380898
"cg15509594_BC21",0.0523944530310267
"cg07920550_TC21",0.0523775715422723
"cg06335209_TC21",0.0523658261826775
"cg13960084_BC21",0.052351156817336
"cg19632021_TC21",0.0523350707993515
"cg18645642_BC21",0.0523284836564452
"cg17186847_BC11",0.0523178729240946
"cg12280317_BC21",0.0522990535261349
"cg19357851_BC21",0.0522838563080767
"cg17309441_BC11",0.0522662284433443
"cg08561790_BC21",0.0522647292940758
"cg17252911_BC21",0.0522626160477465
"cg01241974_TC11",0.0522609557401914
"cg02702215_BC21",0.0522452356775721
"cg08291919_BC21",0.0522186066806681
"cg13923018_TC21",0.0522179008301426
"cg10870315_BC21",0.0522064799692625
"cg06181507_BC21",0.0521991806377141
"cg13341453_TC21",0.0521920160285675
"cg01771213_TC21",0.0521846388187009
"cg13732857_TC21",0.0521840711658046
"cg00823515_TC21",0.0521730471047248
"cg10437900_TC21",0.0521702933990935
"cg05050991_BC21",0.0521612049020187
"cg00279790_BC21",0.0521602177784076
"cg01123536_BC21",0.0521501374158002
"cg27304020_TC21",0.0521350476294121
"cg15953452_TC21",0.0521275993302626
"cg03627980_TC21",0.0521124529691431
"cg14534337_BC21",0.0521065281711059
"cg25049850_TC21",0.05210616851801
"cg13004182_BC11",0.0521042202774082
"cg07588875_BC11",0.0520967415673969
"cg21218506_BC21",0.0520894048112409
"cg07518214_TC21",0.0520790535355604
"cg13603516_BC21",0.052068886005082
"cg23515330_BC21",0.0520635658349156
"cg08041350_TC21",0.0520268370697776
"cg08440920_TC11",0.0520259607547957
"cg19400316_BC23",0.0520246300720677
"cg08350288_BC21",0.0520189883542666
"cg10676739_BC21",0.052013289351261
"cg10107382_BC11",0.0520013729667914
"cg24592389_TC21",0.0519941009491703
"cg13074795_BC21",0.05196903597672
"cg14935207_TC21",0.0519559732699226
"cg22108175_BC21",0.0519557364407906
"cg21952484_BC21",0.0519417501557597
"cg13407524_TC21",0.0519349921083491
"cg06921000_TC21",0.0519328303044408
"cg05185038_BC11",0.0519300178832001
"cg09465239_TC21",0.0519283994450749
"cg15790205_TC21",0.0519263563335498
"cg21182196_TC12",0.0519251540009709
"cg10789050_TC21",0.0519182419852251
"cg23663913_TC21",0.051899258798871
"cg01084644_TC21",0.0518945591194894
"cg10187900_TC21",0.0518934577830989
"cg13434989_BC21",0.0518835684042642
"cg07843733_TC21",0.0518770281583449
"cg22165522_TC21",0.0518762495416297
"cg07048649_TC11",0.0518610768296103
"cg25882098_TC21",0.0518406951354764
"cg22437234_TC11",0.0518315157138146
"cg02447229_TC21",0.0518241076841968
"cg01923616_BC21",0.0518190697296583
"cg21816292_TC21",0.0518037294973828
"cg23996071_TC21",0.051798526341537
"cg12805837_TC21",0.0517940840015086
"cg02953275_BC21",0.0517920490161954
"cg18585789_BC21",0.0517869451818161
"cg24550010_TC21",0.05177388125224
"cg15628888_TC11",0.0517697853594249
"cg16772717_TC21",0.0517547957469036
"cg22622658_TC21",0.0517352976689026
"cg17721710_BC11",0.0517333994029846
"cg02691407_BC21",0.0517166461219123
"cg19220139_BC21",0.0517148872279725
"cg03717591_TC21",0.0517034732011165
"cg11734411_BC21",0.0516963624428102
"cg00658890_TC21",0.0516885821492694
"cg04311343_BC21",0.0516863688666903
"cg04993355_BC21",0.0516789524092484
"cg11943669_BC21",0.0516622552659659
"cg04454585_BC21",0.0516607225849211
"cg13100962_TC22",0.0516559174966352
"cg22973777_BC21",0.0516384840836916
"cg18365864_TC21",0.0516107787786855
"cg15562790_BC21",0.0516013224517905
"cg14681055_TC21",0.0515957153726641
"cg15031661_TC11",0.0515940989992192
"cg23298620_TC21",0.0515905240049394
"cg06696666_BC21",0.0515742579787331
"cg13392687_TC11",0.0515685696239395
"cg24637724_TC21",0.0515435601926531
"cg14767917_BC21",0.0515382481129014
"cg16991868_BC21",0.0515370668229077
"cg07488103_BC21",0.051528809491941
"cg08177433_TC21",0.0515198958422039
"cg20624537_BC21",0.0515181737716902
"cg24527553_TC11",0.0515024406715605
"cg04297223_BC21",0.0515006754531593
"cg02527472_TC21",0.0514626546343071
"cg01110759_BC11",0.0514420979007136
"cg26751511_BC21",0.0514372852500257
"cg00022908_BC21",0.0514300595582175
"cg26255807_BC21",0.0514108374083009
"cg07849811_BC21",0.0513980460364688
"cg21038156_BC11",0.051392702441143
"cg13318256_TC21",0.0513920078435597
"cg00096104_BC11",0.0513839220645537
"cg01986142_BC21",0.0513746834634072
"cg11790417_TC21",0.0513619320926353
"cg05631198_BC21",0.0513362450761331
"cg04226749_TC11",0.0513273913855914
"cg00708486_TC21",0.051314884500568
"cg13901501_TC21",0.0513073321933066
"cg19428290_BC21",0.0513067935441255
"cg24866923_TC11",0.0513061666263663
"cg24432675_BC21",0.0512964099031439
"cg02814805_BC21",0.0512900910134931
"cg09478742_BC21",0.051284841417551
"cg25152830_TC21",0.0512831592095727
"cg12629285_TC21",0.0512669067656342
"cg17229709_TC21",0.0512663825521899
"cg27069372_TC11",0.0512659752395571
"cg18549946_BC21",0.0512620635916381
"cg15047582_BC11",0.0512564793100493
"cg06921943_TC11",0.0512405513288042
"cg10095226_TC11",0.0512392852871689
"cg15853744_BC21",0.0512209843457792
"cg14867604_TC11",0.0511919360073757
"cg02983203_BC21",0.0511787169766517
"cg18765753_BC21",0.0511690128169061
"cg21220670_BC21",0.0511490012877072
"cg00407729_TC21",0.0511302175281442
"cg20518572_TC21",0.0511219791151052
"cg08868596_TC21",0.0511153315981765
"cg12012983_BC21",0.0510901170506291
"cg08571883_BC21",0.0510761032879128
"cg12545729_TC21",0.0510572951445178
"cg27271231_BC11",0.0510476666623683
"cg26766237_TC21",0.0510399404250388
"cg18086761_BC11",0.0510349275435271
"cg26490957_TC11",0.0510252074426834
"cg05118764_TC21",0.0510223466940271
"cg07920430_TC21",0.0510129284343432
"cg10518265_BC21",0.0510100095642916
"cg02839264_BC21",0.0509993102823998
"cg04513510_BC21",0.0509918951342876
"cg13308243_BC11",0.0509852503997664
"cg23781389_TC21",0.0509831855028933
"cg11248330_BC11",0.0509788976164329
"cg21003419_TC11",0.0509655050246315
"cg12942320_BC21",0.050959663613735
"cg23909013_BC21",0.0509569296389806
"cg14457221_TC21",0.0509368454078131
"cg13100753_BC21",0.0509261903206495
"cg27112666_TC11",0.050897520398504
"cg13087210_BC21",0.0508916401083539
"cg13451703_BC21",0.0508891657614943
