"IlmnID","Start_hg38"
"cg00893636",36993348
"cg01302270",36992949
"cg02103401",36991881
"cg02279071",36992662
"cg03192963",36993417
"cg03371414",37016337
"cg03405026",37040888
"cg03497419",36993162
"cg03722888",36992339
"cg03901257",36992650
"cg04726821",36992299
"cg04777024",36995234
"cg04841293",36992536
"cg05560630",36994133
"cg05670953",36992411
"cg05845319",36992574
"cg05906740",36993713
"cg06108510",36993571
"cg06590608",36993736
"cg07064226",36993505
"cg07101782",36993003
"cg08622310",37024403
"cg10769891",36993238
"cg10990993",36992140
"cg11224603",36993790
"cg11291081",36992402
"cg11363877",37040823
"cg11600697",36993322
"cg12790037",36993625
"cg12851504",36993730
"cg13846866",36993907
"cg14598950",36993863
"cg14751544",36992674
"cg15408996",37014910
"cg15731377",37011000
"cg16433211",36993201
"cg16764580",36992854
"cg16863190",37050701
"cg17024523",36997099
"cg17621259",36993676
"cg17641046",36992981
"cg18320188",36992488
"cg19132762",36993247
"cg21109167",36992592
"cg21490561",36993333
"cg23658326",36993295
"cg24607398",36992133
"cg24752407",37014310
"cg24985459",36993598
"cg25202636",36993666
"cg25212762",37013922
"cg25814714",37012070
"cg25837710",36993728
"cg27331401",36993715
"cg27586588",36993169
