IlmnID;chr;MAPINFO;RefGene Name;Location Category ;CpG Island Coordinates
cg00002719;1;169396706;C1orf114;TSS200;chr1:169396621-169396869
cg03257575;1;46951318;;;chr1:46951168-46951792
cg04123776;1;170630602;;;chr1:170630456-170630851
cg05377226;1;171810910;DNM3;1stExon;chr1:171810467-171811325
cg07790615;1;237205174;RYR2;TSS1500;chr1:237205126-237206644
cg10249375;1;63795934;;;chr1:63795363-63796140
cg10512745;1;50884480;DMRTA2;Body;chr1:50884228-50891471
cg13939859;1;91183519;BARHL2;TSS1500;chr1:91183240-91184540
cg13958426;1;169396637;C1orf114;"1stExon;5'UTR";chr1:169396621-169396869
cg14712186;1;91184413;;;chr1:91183240-91184540
cg15467646;1;22141014;LDLRAD2;Body;chr1:22140891-22141407
cg15576900;1;44883697;RNF220;Body;chr1:44883136-44884272
cg19807257;1;46951354;;;chr1:46951168-46951792
cg01419831;2;162283705;;;chr2:162283581-162284677
cg01576677;2;45029908;;;chr2:45029728-45030035
cg06382344;2;162280519;TBR1;Body;chr2:162279835-162280709
cg06530490;2;118981783;;;chr2:118981769-118982466
cg11014373;2;105479054;;;chr2:105478600-105479188
cg12974388;2;237072998;;;chr2:237071794-237078762
cg14168530;2;45155991;;;chr2:45155195-45157049
cg20072442;2;80530255;"CTNNA2;LRRTM1";Body;chr2:80529677-80530846
cg21185289;2;74743437;TLX2;3'UTR;chr2:74740455-74743795
cg24632241;2;80530431;"CTNNA2;LRRTM1";Body;chr2:80529677-80530846
cg15994026;4;15780306;CD38;Body;chr4:15779998-15780729
cg02511231;5;170738274;TLX3;Body;chr5:170735169-170739863
cg08862890;5;169064451;DOCK2;Body;chr5:169064270-169064702
cg12483476;5;178421711;GRM6;1stExon;chr5:178421225-178422337
cg14743594;5;167956394;FBLL1;TSS200;chr5:167956219-167957371
cg16150752;5;16180072;MARCH11;TSS200;chr5:16179064-16180420
cg17712694;5;16180068;MARCH11;TSS200;chr5:16179064-16180420
cg06463958;6;166582393;T;TSS1500;chr6:166579973-166583423
cg08382226;6;108440339;;;chr6:108437998-108441208
cg08548396;6;30095549;;;chr6:30095173-30095610
cg14186641;6;88876741;CNR1;TSS1500;chr6:88875397-88877449
cg20295992;6;108440280;;;chr6:108437998-108441208
cg21277995;6;393239;IRF4;Body;chr6:391188-393790
cg23164203;6;28367475;ZSCAN12;"Body;5'UTR;1stExon";chr6:28367124-28367651
cg27200446;6;41606439;MDFI;5'UTR;chr6:41604583-41606663
cg27577527;6;28367544;ZSCAN12;TSS200;chr6:28367124-28367651
cg00469207;7;152622455;;;chr7:152622343-152623305
cg02467990;7;49813102;VWC2;TSS200;chr7:49813008-49815752
cg04904331;7;49813033;VWC2;TSS1500;chr7:49813008-49815752
cg09493505;7;49813111;VWC2;TSS200;chr7:49813008-49815752
cg13314145;7;98246001;NPTX2;TSS1500;chr7:98245805-98247759
cg17969084;7;27191097;;;chr7:27190274-27191115
cg18206027;7;49813486;VWC2;"1stExon;5'UTR";chr7:49813008-49815752
cg20183619;7;155241490;;;chr7:155241323-155243757
cg21038156;7;158936739;VIPR2;Body;chr7:158936507-158938492
cg21929943;7;152622815;;;chr7:152622343-152623305
cg25884711;7;24323840;NPY;"5'UTR;1stExon";chr7:24323558-24325080
cg02919936;8;70982285;PRDM14;5'UTR;chr8:70981873-70984888
cg05166490;8;41754172;ANK1;"1stExon;5'UTR";chr8:41753340-41755250
cg13912117;8;132054555;;;chr8:132052203-132054749
cg15836635;8;57025662;MOS;1stExon;chr8:57025546-57026543
cg20079899;8;72755784;MSC;Body;chr8:72755783-72756667
cg20980783;8;67874178;;;chr8:67873388-67875600
cg10143067;10;118892423;VAX1;Body;chr10:118892161-118892639
cg14038391;10;102900130;;;chr10:102899822-102900263
cg03401096;11;123301171;;;chr11:123301049-123302149
cg06825142;11;637170;DRD4;TSS200;chr11:636906-640628
cg11017065;11;128564874;"FLI1;FLI1";"Body;5'UTR";chr11:128562671-128565011
cg12928379;11;637175;DRD4;TSS200;chr11:636906-640628
cg15778437;11;31839521;PAX6;TSS200;chr11:31839363-31839813
cg17872757;11;128564180;"FLI1;FLI1";"Body;5'UTR";chr11:128562671-128565011
cg22868282;12;47224954;;;chr12:47224912-47225664
cg24292235;12;8171463;;;chr12:8171336-8171790
cg26682580;12;128752058;TMEM132C;Body;chr12:128751041-128753151
cg14123923;13;79176572;POU4F1;Body;chr13:79175610-79177985
cg19497031;13;79176272;POU4F1;Body;chr13:79175610-79177985
cg04281464;14;70014873;;;chr14:70014543-70014993
cg05302386;14;52734525;PTGDR;"1stExon;5'UTR";chr14:52734207-52735486
cg05917460;14;37126902;PAX9;"1stExon;5'UTR";chr14:37126786-37128274
cg13592399;14;52535758;"NID2;NID2";"5'UTR;1stExon";chr14:52534581-52536722
cg11601252;15;68122139;LBXCOR1;Body;chr15:68115485-68122575
cg14394692;15;30517589;;;chr15:30515266-30518445
cg03217795;16;23847556;PRKCB;"1stExon;1stExon";chr16:23846941-23848102
cg05374412;16;82660727;CDH13;1stExon;chr16:82660651-82661813
cg11561737;17;46796908;;;chr17:46796234-46797292
cg15044248;17;75369224;sept-09;"TSS200;5'UTR;Body";chr17:75368688-75370506
cg16779463;17;75369055;sept-09;"TSS1500;5'UTR;Body";chr17:75368688-75370506
cg24761507;17;35293930;LHX1;TSS1500;chr17:35291899-35300875
cg20872937;18;74961968;GALR1;TSS200;chr18:74961556-74963822
cg03735888;19;58951602;ZNF132;TSS200;chr19:58951214-58952250
cg11957331;19;42828156;TMEM145;Body;chr19:42827743-42829149
cg12042659;19;58951599;ZNF132;TSS200;chr19:58951214-58952250
cg12074025;19;58238850;ZNF671;1stExon;chr19:58238585-58239028
cg25875213;19;38183055;"ZNF781;ZNF781";"5'UTR;1stExon";chr19:38182793-38183327
cg03011535;20;42544794;TOX2;"5'UTR;Body;1stExon";chr20:42543097-42545137
cg06962944;20;42544728;TOX2;"TSS200;Body";chr20:42543097-42545137